calc_time,funding_interval_hours,last_funding_rate
1617235200025,8,0.00101229
1617264000011,8,0.00097461
1617292800004,8,0.00101150
1617321600000,8,0.00072343
1617350400000,8,0.00133474
1617379200000,8,0.00145284
1617408000003,8,0.00139627
1617436800000,8,0.00155202
1617465600000,8,0.00166137
1617494400000,8,0.00046524
1617523200000,8,0.00084100
1617552000016,8,0.00090213
1617580800000,8,0.00079657
1617609600001,8,0.00094989
1617638400001,8,0.00150068
1617667200010,8,0.00162766
1617696000000,8,0.00155734
1617724800003,8,0.00103782
1617753600000,8,0.00074267
1617782400006,8,0.00066894
1617811200004,8,0.00011632
1617840000013,8,0.00010452
1617868800003,8,0.00016830
1617897600005,8,0.00044654
1617926400000,8,0.00028288
1617955200004,8,0.00028962
1617984000004,8,0.00059414
1618012800011,8,0.00028551
1618041600005,8,0.00117169
1618070400000,8,0.00111788
1618099200004,8,0.00105592
1618128000000,8,0.00173573
1618156800000,8,0.00190628
1618185600001,8,0.00157089
1618214400001,8,0.00194395
1618243200008,8,0.00116661
1618272000003,8,0.00068541
1618300800008,8,0.00117812
1618329600008,8,0.00194366
1618358400008,8,0.00151152
1618387200000,8,0.00225883
1618416000012,8,0.00077155
1618444800006,8,0.00107750
1618473600000,8,0.00130576
1618502400008,8,0.00190427
1618531200008,8,0.00204919
1618560000000,8,0.00181765
1618588800002,8,0.00130353
1618617600008,8,0.00117191
1618646400000,8,0.00145128
1618675200001,8,0.00098087
1618704000006,8,0.00113697
1618732800004,8,0.00010000
1618761600000,8,0.00018806
1618790400000,8,0.00010000
1618819200000,8,0.00010000
1618848000009,8,0.00011661
1618876800004,8,0.00025003
1618905600000,8,0.00021042
1618934400001,8,0.00031674
1618963200013,8,0.00015879
1618992000001,8,0.00020249
1619020800002,8,0.00017878
1619049600000,8,0.00022088
1619078400000,8,0.00023336
1619107200001,8,0.00040050
1619136000002,8,0.00010000
1619164800009,8,0.00010000
1619193600001,8,0.00010000
1619222400019,8,0.00010000
1619251200001,8,0.00010622
1619280000011,8,0.00010000
1619308800000,8,0.00011714
1619337600010,8,0.00012100
1619366400000,8,0.00010046
1619395200003,8,0.00010000
1619424000002,8,0.00025995
1619452800004,8,0.00042074
1619481600000,8,0.00010824
1619510400000,8,0.00010000
1619539200009,8,0.00018176
1619568000000,8,0.00010000
1619596800000,8,0.00018783
1619625600001,8,0.00028380
1619654400004,8,0.00022171
1619683200013,8,0.00031161
1619712000003,8,0.00048695
1619740800004,8,0.00039241
1619769600019,8,0.00046932
1619798400003,8,0.00063427
